apex domain,webpage hosting main content,status (as of last check),contains jp.,contains br.,cluster,last check
11joyclub.com,11joyclub.com,available,FALSE,FALSE,alpha,2026-10-01
12beststar.com,12beststar.com,available,FALSE,FALSE,alpha,2026-09-04
12luckyhome.com,12luckyhome.com,available,FALSE,FALSE,alpha,2026-08-14
13lifeskills.com,13lifeskills.com,available,FALSE,FALSE,alpha,2026-10-01
19globalnews.com,19globalnews.com,available,FALSE,FALSE,alpha,2026-08-14
412lala.com,412lala.com,available,FALSE,FALSE,alpha,2026-08-17
44finefood.com,666.44finefood.com,available,FALSE,FALSE,alpha,2026-09-04
53healthnews.com,53healthnews.com,available,FALSE,FALSE,alpha,2026-09-30
55likegame.com,55likegame.com,available,FALSE,FALSE,alpha,2026-10-01
55newlife.com,55newlife.com,available,FALSE,FALSE,alpha,2026-10-01
5gflu.com,5gflu.com,available,FALSE,FALSE,alpha,2026-10-01
74novel.com,74novel.com,available,FALSE,FALSE,alpha,2026-08-11
76gotravel.com,76gotravel.com,available,FALSE,FALSE,alpha,2026-10-01
77firstfood.com,77firstfood.com,available,FALSE,FALSE,alpha,2026-08-18
77petshome.com,77petshome.com,available,FALSE,FALSE,alpha,2026-08-11
87choicefood.com,87choicefood.com,available,FALSE,FALSE,alpha,2026-08-14
88lovelypet.com,88lovelypet.com,available,FALSE,FALSE,alpha,2026-10-01
88masnews.com,88masnews.com,available,FALSE,FALSE,alpha,2026-09-30
99funnews.com,99funnews.com,available,FALSE,FALSE,alpha,2026-08-25
99joylife.com,99joylife.com,available,FALSE,FALSE,alpha,2026-10-01
99mygame.com,99mygame.com,available,FALSE,FALSE,alpha,2026-10-01
99tango.com,99tango.com,available,FALSE,FALSE,alpha,2026-08-18
abcjsg.com,abcjsg.com,available,FALSE,FALSE,alpha,2026-09-30
acg1213.com,acg1213.com,available,FALSE,FALSE,alpha,2026-08-14
acgfansclub.com,acgfansclub.com,available,FALSE,FALSE,alpha,2026-08-14
acgfun.wang,acgfun.wang,available,FALSE,FALSE,alpha,2026-09-30
adorable-pet.com,jp.adorable-pet.com,available,TRUE,FALSE,alpha,2026-08-17
aidorumatome.com,aidorumatome.com,available,FALSE,FALSE,alpha,2026-10-01
aigo7.com,aigo7.com,available,FALSE,FALSE,alpha,2026-09-04
allpetshare.com,allpetshare.com,available,FALSE,FALSE,alpha,2026-10-01
analysis-car.com,analysis-car.com,available,FALSE,FALSE,alpha,2026-10-01
angela-babies.com,angela-babies.com,available,FALSE,FALSE,alpha,2026-10-01
animefans21.com,animefans21.com,available,FALSE,FALSE,alpha,2026-08-14
anymn.com,anymn.com,available,FALSE,FALSE,alpha,2026-09-30
aowath.com,aowath.com,available,FALSE,FALSE,alpha,2026-10-01
army1213.com,army1213.com,available,FALSE,FALSE,alpha,2026-10-01
babyild.com,babyild.com,available,FALSE,FALSE,alpha,2026-10-01
babyimaster.com,babyimaster.com,available,FALSE,FALSE,alpha,2026-10-01
babypartyy.com,babypartyy.com,available,FALSE,FALSE,alpha,2026-10-01
babyucute.com,babyucute.com,available,FALSE,FALSE,alpha,2026-08-14
babyystory.com,babyystory.com,available,FALSE,FALSE,alpha,2026-09-30
bake8523.com,bake8523.com,available,FALSE,FALSE,alpha,2026-10-01
ballcab.com,ballcab.com,available,FALSE,FALSE,alpha,2026-10-01
baobaowe.com,baobaowe.com,available,FALSE,FALSE,alpha,2026-09-30
baoliaonews.com,baoliaonews.com,available,FALSE,FALSE,alpha,2026-10-01
base9174.com,base9174.com,available,FALSE,FALSE,alpha,2026-10-01
beeplaylet.com,beeplaylet.com,available,FALSE,FALSE,alpha,2026-09-30
beihaixw.info,beihaixw.info,available,FALSE,FALSE,alpha,2026-10-01
bestinfo365.com,bestinfo365.com,available,FALSE,FALSE,alpha,2026-08-17
bestone-work.com,bestone-work.com,available,TRUE,FALSE,alpha,2026-08-17
bettermombaby.com,bettermombaby.com,available,FALSE,FALSE,alpha,2026-08-14
biubiunew.com,biubiunew.com,available,FALSE,FALSE,alpha,2026-10-01
bkuwg.com,bkuwg.com,available,FALSE,FALSE,alpha,2026-10-01
blibliread.com,blibliread.com,available,FALSE,FALSE,alpha,2026-08-14
bottomj.com,bottomj.com,available,FALSE,FALSE,alpha,2026-10-01
bturtlle.com,bturtlle.com,available,FALSE,FALSE,alpha,2026-10-01
buddhaim.com,buddhaim.com,available,FALSE,FALSE,alpha,2026-10-01
bwknk.com,bwknk.com,available,FALSE,FALSE,alpha,2026-10-01
cakesshare.com,cakesshare.com,available,FALSE,FALSE,alpha,2026-10-01
call-beat.com,call-beat.com,available,FALSE,FALSE,alpha,2026-10-01
car-su.com,car-su.com,available,FALSE,FALSE,alpha,2026-10-01
carcarwe.com,carcarwe.com,available,FALSE,FALSE,alpha,2026-10-01
cartoonfans766.com,cartoonfans766.com,available,FALSE,FALSE,alpha,2026-09-04
cartoontalking.com,cartoontalking.com,available,FALSE,FALSE,alpha,2026-09-04
cartoonxzoon.com,cartoonxzoon.com,available,FALSE,FALSE,alpha,2026-10-01
cause-success.com,cause-success.com,available,FALSE,FALSE,alpha,2026-10-01
center-youth.com,center-youth.com,available,FALSE,FALSE,alpha,2026-10-01
charming355.com,charming355.com,available,FALSE,FALSE,alpha,2026-10-01
cherryings.com,cherryings.com,available,FALSE,FALSE,alpha,2026-10-01
child-loves.com,child-loves.com,available,FALSE,FALSE,alpha,2026-08-14
cicream.com,cicream.com,available,FALSE,FALSE,alpha,2026-10-01
co-47.com,co-47.com,available,FALSE,FALSE,alpha,2026-09-04
cocsxv.com,cocsxv.com,available,FALSE,FALSE,alpha,2026-10-01
come-pets.com,come-pets.com,available,FALSE,FALSE,alpha,2026-10-01
comeworlds.com,comeworlds.com,available,FALSE,FALSE,alpha,2026-08-17
companion-healthy.com,companion-healthy.com,available,FALSE,FALSE,alpha,2026-08-14
cookicway.com,cookicway.com,available,FALSE,FALSE,alpha,2026-08-17
cookie-food.com,cookie-food.com,available,FALSE,FALSE,alpha,2026-10-01
coolsaid.com,coolsaid.com,available,FALSE,FALSE,alpha,2026-08-14
csiwee.com,csiwee.com,available,FALSE,FALSE,alpha,2026-10-01
cuddlyopet.com,cuddlyopet.com,available,FALSE,FALSE,alpha,2026-10-01
cutetale.com,cutetale.com,available,FALSE,FALSE,alpha,2026-08-17
cutetalkk.com,cutetalkk.com,available,FALSE,FALSE,alpha,2026-10-01
cutonews.com,cutonews.com,available,FALSE,FALSE,alpha,2026-10-01
cwlph.com,cwlph.com,available,FALSE,FALSE,alpha,2026-10-01
cwns8.com,cwns8.com,available,FALSE,FALSE,alpha,2026-10-01
daagreat.com,daagreat.com,available,FALSE,FALSE,alpha,2026-10-01
daapower.com,daapower.com,available,FALSE,FALSE,alpha,2026-09-30
dailydaily-up.com,dailydaily-up.com,available,FALSE,FALSE,alpha,2026-09-30
damyup.com,damyup.com,available,FALSE,FALSE,alpha,2026-10-01
datouzhi.com,datouzhi.com,available,FALSE,FALSE,alpha,2026-10-01
dayfgh.com,dayfgh.com,available,FALSE,FALSE,alpha,2026-09-30
dayyli.com,dayyli.com,available,FALSE,FALSE,alpha,2026-10-01
ddojoy.com,ddojoy.com,available,FALSE,FALSE,alpha,2026-08-14
decorate-guide.com,decorate-guide.com,available,FALSE,FALSE,alpha,2026-10-01
decoratestar.com,decoratestar.com,available,FALSE,FALSE,alpha,2026-10-01
decoration-colorful.com,decoration-colorful.com,available,FALSE,FALSE,alpha,2026-10-01
design-ways.com,design-ways.com,available,FALSE,FALSE,alpha,2026-10-01
designiwe.com,designiwe.com,available,FALSE,FALSE,alpha,2026-09-04
designmyfamily.com,designmyfamily.com,available,FALSE,FALSE,alpha,2026-10-01
didadiadi.com,didadiadi.com,available,FALSE,FALSE,alpha,2026-08-11
dinggling.com,dinggling.com,available,FALSE,FALSE,alpha,2026-10-01
dodokeep.com,dodokeep.com,available,FALSE,FALSE,alpha,2026-09-30
dreamwe1.com,dreamwe1.com,available,FALSE,FALSE,alpha,2026-09-04
driver-skills.com,driver-skills.com,available,FALSE,FALSE,alpha,2026-09-30
dsawjk.com,dsawjk.com,available,FALSE,FALSE,alpha,2026-08-17
duwern.com,duwern.com,available,FALSE,FALSE,alpha,2026-09-30
dwjhgx.com,dwjhgx.com,available,FALSE,FALSE,alpha,2026-09-30
dyypart.com,dyypart.com,available,FALSE,FALSE,alpha,2026-10-01
earl123.com,earl123.com,available,FALSE,FALSE,alpha,2026-10-01
easycookic.com,easycookic.com,available,FALSE,FALSE,alpha,2026-10-01
edayjoy.com,edayjoy.com,available,FALSE,FALSE,alpha,2026-10-01
effort-us.com,effort-us.com,available,FALSE,FALSE,alpha,2026-10-01
ehkew.com,ehkew.com,available,FALSE,FALSE,alpha,2026-10-01
enjoybabyt.com,enjoybabyt.com,available,FALSE,FALSE,alpha,2026-10-01
eoeodream.com,eoeodream.com,available,FALSE,FALSE,alpha,2026-08-17
eoeolike.com,eoeolike.com,available,FALSE,FALSE,alpha,2026-10-01
eoeonews.com,eoeonews.com,available,FALSE,FALSE,alpha,2026-08-17
eqaqo.com,eqaqo.com,available,FALSE,FALSE,alpha,2026-09-30
eryq7984.com,eryq7984.com,available,FALSE,FALSE,alpha,2026-10-01
etsbaby.com,etsbaby.com,available,FALSE,FALSE,alpha,2026-10-01
evergreen64.info,evergreen64.info,available,FALSE,FALSE,alpha,2026-10-01
exertionu.com,exertionu.com,available,FALSE,FALSE,alpha,2026-10-01
eyuzj.com,eyuzj.com,available,FALSE,FALSE,alpha,2026-10-01
f-snack.com,f-snack.com,available,FALSE,FALSE,alpha,2026-09-30
fafa5918.com,fafa5918.com,available,FALSE,FALSE,alpha,2026-09-30
feagreat.com,feagreat.com,available,FALSE,FALSE,alpha,2026-10-01
fgnj1634.com,fgnj1634.com,available,FALSE,FALSE,alpha,2026-09-04
finish-new.com,finish-new.com,available,FALSE,FALSE,alpha,2026-10-01
finloves.com,finloves.com,available,FALSE,FALSE,alpha,2026-10-01
firhub69.com,firhub69.com,available,FALSE,FALSE,alpha,2026-08-14
first-hub.com,first-hub.com,available,FALSE,FALSE,alpha,2026-09-30
firstopdesign.com,firstopdesign.com,available,FALSE,FALSE,alpha,2026-10-01
firstsinfo.com,firstsinfo.com,available,FALSE,FALSE,alpha,2026-08-17
fitmenthom.com,fitmenthom.com,available,FALSE,FALSE,alpha,2026-10-01
fituper.com,fituper.com,available,FALSE,FALSE,alpha,2026-10-01
fl248.com,fl248.com,available,FALSE,FALSE,alpha,2026-10-01
flcartoon.com,flcartoon.com,available,FALSE,FALSE,alpha,2026-09-30
flybiga.com,flybiga.com,available,FALSE,FALSE,alpha,2026-10-01
fnnhome.com,fnnhome.com,available,FALSE,FALSE,alpha,2026-10-01
food-ham.com,food-ham.com,available,FALSE,FALSE,alpha,2026-10-01
food-ienjoy.com,food-ienjoy.com,available,FALSE,FALSE,alpha,2026-10-01
food-ilove.com,food-ilove.com,available,FALSE,FALSE,alpha,2026-10-01
foodchef1.com,foodchef1.com,available,FALSE,FALSE,alpha,2026-10-01
fooddier.com,fooddier.com,available,FALSE,FALSE,alpha,2026-09-30
foodiefunn.com,foodiefunn.com,available,FALSE,FALSE,alpha,2026-10-01
foodlove1.com,foodlove1.com,available,FALSE,FALSE,alpha,2026-10-01
foodszon.com,foodszon.com,available,FALSE,FALSE,alpha,2026-09-04
friendcutepets.com,friendcutepets.com,available,FALSE,FALSE,alpha,2026-10-01
fun101.vip,fun101.vip,available,FALSE,FALSE,alpha,2026-10-01
funnews61.com,funnews61.com,available,FALSE,FALSE,alpha,2026-08-14
funworld8.com,funworld8.com,available,FALSE,FALSE,alpha,2026-09-30
furnishwe.com,furnishwe.com,available,FALSE,FALSE,alpha,2026-08-17
gblqu.com,gblqu.com,available,FALSE,FALSE,alpha,2026-10-01
girlask21.com,girlask21.com,available,FALSE,FALSE,alpha,2026-10-01
godababy.com,godababy.com,available,FALSE,FALSE,alpha,2026-10-01
gogo-babies.com,gogo-babies.com,available,FALSE,FALSE,alpha,2026-10-01
gogodayday.com,gogodayday.com,available,FALSE,FALSE,alpha,2026-10-01
good-pregnancy.com,good-pregnancy.com,available,FALSE,FALSE,alpha,2026-10-01
good-timess.com,good-timess.com,available,FALSE,FALSE,alpha,2026-10-01
gowellwork.com,gowellwork.com,available,FALSE,FALSE,alpha,2026-08-17
gyyplay.com,gyyplay.com,available,FALSE,FALSE,alpha,2026-10-01
health-handby.com,health-handby.com,available,FALSE,FALSE,alpha,2026-10-01
health-happylife.com,health-happylife.com,available,FALSE,FALSE,alpha,2026-10-01
health-newday.com,health-newday.com,available,FALSE,FALSE,alpha,2026-10-01
health-wonderful.com,health-wonderful.com,available,FALSE,FALSE,alpha,2026-10-01
healthy-lifestylle.com,healthy-lifestylle.com,available,FALSE,FALSE,alpha,2026-10-01
healthylife-energy.com,healthylife-energy.com,available,FALSE,FALSE,alpha,2026-10-01
healthysj.com,healthysj.com,available,FALSE,FALSE,alpha,2026-10-01
healthyue.com,healthyue.com,available,FALSE,FALSE,alpha,2026-09-30
homenews11.com,homenews11.com,available,FALSE,FALSE,alpha,2026-09-30
hoqim.com,hoqim.com,available,FALSE,FALSE,alpha,2026-10-01
houseborn.com,houseborn.com,available,FALSE,FALSE,alpha,2026-08-17
housesdevise.com,housesdevise.com,available,FALSE,FALSE,alpha,2026-08-14
i-besthome.com,i-besthome.com,available,FALSE,FALSE,alpha,2026-09-30
i-petlife.com,i-petlife.com,available,FALSE,FALSE,alpha,2026-10-01
idforread.com,idforread.com,available,FALSE,FALSE,alpha,2026-08-17
ihealth-time.com,ihealth-time.com,available,FALSE,FALSE,alpha,2026-10-01
ilove-peace.com,ilove-peace.com,available,FALSE,FALSE,alpha,2026-10-01
ilove-top.com,ilove-top.com,available,FALSE,FALSE,alpha,2026-08-14
inlove77.com,inlove77.com,available,FALSE,FALSE,alpha,2026-10-01
inspirational-saying.com,inspirational-saying.com,available,FALSE,FALSE,alpha,2026-08-14
ipetparadise.com,ipetparadise.com,available,FALSE,FALSE,alpha,2026-10-01
itigeryou.com,itigeryou.com,available,FALSE,FALSE,alpha,2026-09-04
janeeyrego.com,janeeyrego.com,available,FALSE,FALSE,alpha,2026-08-11
jczbv.com,jczbv.com,available,FALSE,FALSE,alpha,2026-10-01
jiastar11.com,jiastar11.com,available,FALSE,FALSE,alpha,2026-09-30
jkingtimes.com,jkingtimes.com,available,FALSE,FALSE,alpha,2026-09-04
jlbhc.com,jlbhc.com,available,FALSE,FALSE,alpha,2026-10-01
journeyvi.com,journeyvi.com,available,FALSE,FALSE,alpha,2026-10-01
jpfunvideo.com,jpfunvideo.com,available,FALSE,FALSE,alpha,2026-10-01
jqvlg.com,jqvlg.com,available,FALSE,FALSE,alpha,2026-10-01
jrhhl.com,jrhhl.com,available,FALSE,FALSE,alpha,2026-10-01
jsolf.com,jsolf.com,available,FALSE,FALSE,alpha,2026-10-01
kbfss.com,kbfss.com,available,FALSE,FALSE,alpha,2026-10-01
keephealthy21.com,keephealthy21.com,available,FALSE,FALSE,alpha,2026-10-01
keepsjk.com,keepsjk.com,available,FALSE,FALSE,alpha,2026-10-01
kelevw.com,kelevw.com,available,FALSE,FALSE,alpha,2026-10-01
kidy-kidy.com,kidy-kidy.com,available,FALSE,FALSE,alpha,2026-08-17
kidy-party.com,kidy-party.com,available,FALSE,FALSE,alpha,2026-08-17
kknsays.com,kknsays.com,available,FALSE,FALSE,alpha,2026-08-17
knifetipster.com,knifetipster.com,available,FALSE,FALSE,alpha,2026-10-01
knnwork.com,knnwork.com,available,FALSE,FALSE,alpha,2026-10-01
kolovers.com,kolovers.com,available,FALSE,FALSE,alpha,2026-09-30
kravmagatactical.com,kravmagatactical.com,available,FALSE,FALSE,alpha,2026-10-01
lemonlin.com,lemonlin.com,available,FALSE,FALSE,alpha,2026-08-18
lfqgj.com,lfqgj.com,available,FALSE,FALSE,alpha,2026-09-04
life-knowhow.com,life-knowhow.com,available,FALSE,FALSE,alpha,2026-08-14
life-ours.com,life-ours.com,available,FALSE,FALSE,alpha,2026-10-01
lifebeautyy.com,lifebeautyy.com,available,FALSE,FALSE,alpha,2026-10-01
lifenewsjr.com,lifenewsjr.com,available,FALSE,FALSE,alpha,2026-08-14
likehealth21.com,likehealth21.com,available,FALSE,FALSE,alpha,2026-10-01
likevideo16.com,likevideo16.com,available,FALSE,FALSE,alpha,2026-09-30
lot-pets.com,lot-pets.com,available,FALSE,FALSE,alpha,2026-10-01
love-heallth.com,love-heallth.com,available,FALSE,FALSE,alpha,2026-10-01
love-puppys.com,love-puppys.com,available,FALSE,FALSE,alpha,2026-10-01
lovehouse456.com,lovehouse456.com,available,FALSE,FALSE,alpha,2026-08-18
lovepet-peace.com,lovepet-peace.com,available,FALSE,FALSE,alpha,2026-10-01
loveu-baby.com,loveu-baby.com,available,FALSE,FALSE,alpha,2026-09-30
lovewdk.com,lovewdk.com,available,FALSE,FALSE,alpha,2026-09-04
lovey-puppys.com,lovey-puppys.com,available,FALSE,FALSE,alpha,2026-09-04
loveyou-pets.com,loveyou-pets.com,available,FALSE,FALSE,alpha,2026-10-01
lrgtz.com,lrgtz.com,available,FALSE,FALSE,alpha,2026-10-01
lsjtm.com,lsjtm.com,available,FALSE,FALSE,alpha,2026-10-01
lwnxi.com,lwnxi.com,available,FALSE,FALSE,alpha,2026-10-01
mamiable.com,mamiable.com,available,FALSE,FALSE,alpha,2026-10-01
meall-times.com,meall-times.com,available,FALSE,FALSE,alpha,2026-08-17
meek-pet.com,meek-pet.com,available,FALSE,FALSE,alpha,2026-10-01
melhoresaqui.com,melhoresaqui.com,available,FALSE,FALSE,alpha,2026-08-14
memeslong.com,memeslong.com,available,FALSE,FALSE,alpha,2026-10-01
mi-malist.com,mi-malist.com,available,FALSE,FALSE,alpha,2026-10-01
milkbre.com,milkbre.com,available,FALSE,FALSE,alpha,2026-10-01
milmil.vip,milmil.vip,available,FALSE,FALSE,alpha,2026-09-30
minicoe.com,minicoe.com,available,FALSE,FALSE,alpha,2026-10-01
missebaby.com,missebaby.com,available,FALSE,FALSE,alpha,2026-09-30
mlsjqa.com,mlsjqa.com,available,FALSE,FALSE,alpha,2026-10-01
mmuscular.com,mmuscular.com,available,FALSE,FALSE,alpha,2026-08-14
mrbigtalking.com,mrbigtalking.com,available,FALSE,FALSE,alpha,2026-08-11
mrshyacinth.com,mrshyacinth.com,available,FALSE,FALSE,alpha,2026-10-01
muscle865.com,muscle865.com,available,FALSE,FALSE,alpha,2026-10-01
mydesign-cases.com,mydesign-cases.com,available,FALSE,FALSE,alpha,2026-10-01
myhealth-time.com,myhealth-time.com,available,FALSE,FALSE,alpha,2026-10-01
mylifegood20.com,mylifegood20.com,available,FALSE,FALSE,alpha,2026-10-01
mypet-lovely.com,mypet-lovely.com,available,FALSE,FALSE,alpha,2026-09-30
newline365.com,newline365.com,available,FALSE,FALSE,alpha,2026-10-01
news30links.com,news30links.com,available,FALSE,FALSE,alpha,2026-10-01
nice-foood.com,nice-foood.com,available,FALSE,FALSE,alpha,2026-10-01
niice-woker.com,niice-woker.com,available,FALSE,FALSE,alpha,2026-09-30
noticiasbombastica.com,noticiasbombastica.com,available,FALSE,FALSE,alpha,2026-10-01
novaatual.com,novaatual.com,available,FALSE,FALSE,alpha,2026-10-01
novelsu.com,novelsu.com,available,FALSE,FALSE,alpha,2026-10-01
nutritious-breakfast.com,nutritious-breakfast.com,available,FALSE,FALSE,alpha,2026-10-01
ohiotires.com,ohiotires.com,available,FALSE,FALSE,alpha,2026-10-01
oivrv.com,oivrv.com,available,FALSE,FALSE,alpha,2026-10-01
okazu.cc,okazu.cc,available,FALSE,FALSE,alpha,2026-08-25
onenews365.com,onenews365.com,available,FALSE,FALSE,alpha,2026-09-30
onionew.com,onionew.com,available,FALSE,FALSE,alpha,2026-10-01
onlylove-one.com,onlylove-one.com,available,FALSE,FALSE,alpha,2026-10-01
open-selfless.com,open-selfless.com,available,FALSE,FALSE,alpha,2026-10-01
ourbegin.com,ourbegin.com,available,FALSE,FALSE,alpha,2026-10-01
paintbucke.com,jp.paintbucke.com,available,TRUE,FALSE,alpha,2026-08-17
parents-note.com,parents-note.com,available,FALSE,FALSE,alpha,2026-10-01
parentups.com,parentups.com,available,FALSE,FALSE,alpha,2026-08-14
pass345.com,pass345.com,available,FALSE,FALSE,alpha,2026-10-01
pcdjq.com,pcdjq.com,available,FALSE,FALSE,alpha,2026-10-01
penbron.com,penbron.com,available,FALSE,FALSE,alpha,2026-10-01
perfect-encounter.com,perfect-encounter.com,available,FALSE,FALSE,alpha,2026-10-01
pet-comeon.com,pet-comeon.com,available,FALSE,FALSE,alpha,2026-10-01
pet-docile.com,pet-docile.com,available,FALSE,FALSE,alpha,2026-10-01
pet-encyclopedia.com,pet-encyclopedia.com,available,FALSE,FALSE,alpha,2026-09-30
pet-loveandhealth.com,pet-loveandhealth.com,available,FALSE,FALSE,alpha,2026-10-01
pet-shy.com,pet-shy.com,available,FALSE,FALSE,alpha,2026-10-01
pet-welove.com,pet-welove.com,available,FALSE,FALSE,alpha,2026-09-30
petbasego.com,petbasego.com,available,FALSE,FALSE,alpha,2026-10-01
petfama.com,petfama.com,available,FALSE,FALSE,alpha,2026-10-01
petgrouplife.com,petgrouplife.com,available,FALSE,FALSE,alpha,2026-10-01
pets-dote.com,pets-dote.com,available,FALSE,FALSE,alpha,2026-09-04
pets-feedder.com,pets-feedder.com,available,FALSE,FALSE,alpha,2026-10-01
pets-inmyhome.com,pets-inmyhome.com,available,FALSE,FALSE,alpha,2026-10-01
pets-naivety.com,pets-naivety.com,available,FALSE,FALSE,alpha,2026-09-04
pets-onlyperfect.com,pets-onlyperfect.com,available,FALSE,FALSE,alpha,2026-10-01
pets699.com,pets699.com,available,FALSE,FALSE,alpha,2026-09-30
petsccs.com,petsccs.com,available,FALSE,FALSE,alpha,2026-10-01
petsonelove.com,petsonelove.com,available,FALSE,FALSE,alpha,2026-10-01
petts-online.com,petts-online.com,available,FALSE,FALSE,alpha,2026-10-01
physiquego.com,physiquego.com,available,FALSE,FALSE,alpha,2026-10-01
pig-pets.com,pig-pets.com,available,FALSE,FALSE,alpha,2026-09-30
playing-pets.com,playing-pets.com,available,FALSE,FALSE,alpha,2026-10-01
pmxcl.com,pmxcl.com,available,FALSE,FALSE,alpha,2026-10-01
pncyx.com,pncyx.com,available,FALSE,FALSE,alpha,2026-10-01
pointrin.com,pointrin.com,available,FALSE,FALSE,alpha,2026-10-01
praiseme12.com,article.praiseme12.com,available,FALSE,FALSE,alpha,2026-08-17
pretty-myhealth.com,pretty-myhealth.com,available,FALSE,FALSE,alpha,2026-09-30
prettycutepet.com,prettycutepet.com,available,FALSE,FALSE,alpha,2026-09-30
qaafunny.com,qaafunny.com,available,FALSE,FALSE,alpha,2026-09-30
qemfk.com,qemfk.com,available,FALSE,FALSE,alpha,2026-10-01
qtdxr.com,qtdxr.com,available,FALSE,FALSE,alpha,2026-10-01
quiet-pet.com,jpquiz.quiet-pet.com,available,FALSE,FALSE,alpha,2026-10-01
quotationsi.com,quotationsi.com,available,FALSE,FALSE,alpha,2026-10-01
readoria.com,readoria.com,available,FALSE,FALSE,alpha,2026-10-01
recipes-forfood.com,recipes-forfood.com,available,FALSE,FALSE,alpha,2026-08-18
redawine.com,redawine.com,available,FALSE,FALSE,alpha,2026-09-30
regimengo.com,regimengo.com,available,FALSE,FALSE,alpha,2026-10-01
remodelsh.com,remodelsh.com,available,FALSE,FALSE,alpha,2026-08-14
rifusy.com,rifusy.com,available,FALSE,FALSE,alpha,2026-10-01
roadstert.com,roadstert.com,available,FALSE,FALSE,alpha,2026-09-04
rorohope.com,rorohope.com,available,FALSE,FALSE,alpha,2026-10-01
run-pet.com,run-pet.com,available,FALSE,FALSE,alpha,2026-10-01
sarahtalkshow.com,sarahtalkshow.com,available,FALSE,FALSE,alpha,2026-09-04
share-ipet.com,share-ipet.com,available,FALSE,FALSE,alpha,2026-10-01
shishimom.com,shishimom.com,available,FALSE,FALSE,alpha,2026-09-30
skiingno.com,skiingno.com,available,FALSE,FALSE,alpha,2026-10-01
skyrainbowco.com,skyrainbowco.com,available,FALSE,FALSE,alpha,2026-10-01
sstory.vip,sstory.vip,available,FALSE,FALSE,alpha,2026-09-30
starsays12.com,starsays12.com,available,FALSE,FALSE,alpha,2026-10-01
stat-art.com,stat-art.com,available,FALSE,FALSE,alpha,2026-10-01
storynia.com,storynia.com,available,FALSE,FALSE,alpha,2026-08-11
styleddecoration.com,styleddecoration.com,available,FALSE,FALSE,alpha,2026-09-30
successs-experience.com,zavideo.successs-experience.com,available,FALSE,FALSE,alpha,2026-09-04
succulenter.net,succulenter.net,available,FALSE,FALSE,alpha,2026-09-30
sumeih.com,sumeih.com,available,FALSE,FALSE,alpha,2026-10-01
sunflyday.com,sunflyday.com,available,FALSE,FALSE,alpha,2026-08-17
super-puppys.com,super-puppys.com,available,FALSE,FALSE,alpha,2026-09-30
superbaby0127.com,superbaby0127.com,available,FALSE,FALSE,alpha,2026-10-01
supertime01.com,supertime01.com,available,FALSE,FALSE,alpha,2026-08-14
sweetastes.com,sweetastes.com,available,FALSE,FALSE,alpha,2026-09-30
t9y3c.com,picture.t9y3c.com,available,FALSE,FALSE,alpha,2026-09-04
tad-j.com,tad-j.com,available,FALSE,FALSE,alpha,2026-10-01
tarooot.com,tarooot.com,available,FALSE,FALSE,alpha,2026-09-04
tdchuxing.com,tdchuxing.com,available,FALSE,FALSE,alpha,2026-10-01
team-method.com,team-method.com,available,FALSE,FALSE,alpha,2026-10-01
testcome.com,testcome.com,available,FALSE,FALSE,alpha,2026-10-01
themind529.com,themind529.com,available,FALSE,FALSE,alpha,2026-10-01
titisyz.com,titisyz.com,available,FALSE,FALSE,alpha,2026-10-01
today-novel.com,today-novel.com,available,FALSE,FALSE,alpha,2026-10-01
togetherii.com,togetherii.com,available,FALSE,FALSE,alpha,2026-09-30
toopartner.com,toopartner.com,available,FALSE,FALSE,alpha,2026-08-14
topcarweb.com,topcarweb.com,available,FALSE,FALSE,alpha,2026-09-30
topline321.com,topline321.com,available,FALSE,FALSE,alpha,2026-09-30
topnews321.com,topnews321.com,available,FALSE,FALSE,alpha,2026-10-01
trhen.com,trhen.com,available,FALSE,FALSE,alpha,2026-08-14
trusce.com,trusce.com,available,FALSE,FALSE,alpha,2026-10-01
ugzjo.com,ugzjo.com,available,FALSE,FALSE,alpha,2026-10-01
uoovo.com,uoovo.com,available,FALSE,FALSE,alpha,2026-09-04
uskjid.com,uskjid.com,available,FALSE,FALSE,alpha,2026-10-01
veltot.com,veltot.com,available,FALSE,FALSE,alpha,2026-09-04
vidamelhoresaude.com,vidamelhoresaude.com,available,FALSE,FALSE,alpha,2026-10-01
voohappy.com,voohappy.com,available,FALSE,FALSE,alpha,2026-08-17
voosweet.com,voosweet.com,available,FALSE,FALSE,alpha,2026-08-17
vsdm8.com,vsdm8.com,available,FALSE,FALSE,alpha,2026-09-30
waagreat.com,waagreat.com,available,FALSE,FALSE,alpha,2026-10-01
watchingnew.com,watchingnew.com,available,FALSE,FALSE,alpha,2026-10-01
wateronn.com,wateronn.com,available,FALSE,FALSE,alpha,2026-09-30
wayto-health.com,wayto-health.com,available,FALSE,FALSE,alpha,2026-10-01
wduiwg.com,wduiwg.com,available,FALSE,FALSE,alpha,2026-08-17
welltonsteak.com,welltonsteak.com,available,FALSE,FALSE,alpha,2026-10-01
welook365.com,welook365.com,available,FALSE,FALSE,alpha,2026-08-11
welove-gourmet.com,welove-gourmet.com,available,FALSE,FALSE,alpha,2026-08-17
with-summer.com,with-summer.com,available,FALSE,FALSE,alpha,2026-09-04
wiudx.com,wiudx.com,available,FALSE,FALSE,alpha,2026-09-30
wiusbh.com,wiusbh.com,available,FALSE,FALSE,alpha,2026-08-11
wokxcn.com,wokxcn.com,available,FALSE,FALSE,alpha,2026-10-01
woof-puppys.com,woof-puppys.com,available,FALSE,FALSE,alpha,2026-08-17
workplace-rule.com,workplace-rule.com,available,FALSE,FALSE,alpha,2026-10-01
workplacetop.com,workplacetop.com,available,FALSE,FALSE,alpha,2026-10-01
wsvsw.com,wsvsw.com,available,FALSE,FALSE,alpha,2026-10-01
wujfu.com,wujfu.com,available,FALSE,FALSE,alpha,2026-09-04
yaya0506.com,yaya0506.com,available,FALSE,FALSE,alpha,2026-10-01
yeereader.com,yeereader.com,available,FALSE,FALSE,alpha,2026-10-01
yoyoeasy.com,yoyoeasy.com,available,FALSE,FALSE,alpha,2026-10-01
yuuenjoy.com,yuuenjoy.com,available,FALSE,FALSE,alpha,2026-10-01
zfkes.com,zfkes.com,available,FALSE,FALSE,alpha,2026-10-01
zhao1236.com,zhao1236.com,available,FALSE,FALSE,alpha,2026-09-30
zofight.com,zofight.com,available,FALSE,FALSE,alpha,2026-10-01
luckyelse.com,luckyelse.com,unavailable,FALSE,FALSE,beta,2026-08-11
picelse.com,picelse.com,available,FALSE,FALSE,beta,2026-08-11
tvsilo.com,tvsilo.com,unavailable,FALSE,FALSE,beta,2026-08-11
cklive.live,cklive.live,available,FALSE,FALSE,gamma,2026-08-25
coms.pub,coms.pub,available,FALSE,FALSE,gamma,2026-08-25
eeurl.club,eeurl.club,available,FALSE,FALSE,gamma,2026-08-14
gogovideo.net,gogovideo.net,available,FALSE,FALSE,gamma,2026-08-25
goodlah.org,goodlah.org,available,FALSE,FALSE,gamma,2026-08-25
grabla.org,grabla.org,available,FALSE,FALSE,gamma,2026-08-14
hker.life,hker.life,available,FALSE,FALSE,gamma,2026-08-14
hkerfeed.com,hkerfeed.com,available,FALSE,FALSE,gamma,2026-08-14
hknews.me,hknews.me,available,FALSE,FALSE,gamma,2026-08-14
hknews.pro,hknews.pro,available,FALSE,FALSE,gamma,2026-08-14
justshare.live,justshare.live,available,FALSE,FALSE,gamma,2026-08-25
kanwatch.com,kanwatch.com,available,FALSE,FALSE,gamma,2026-08-25
kanwatch.site,kanwatch.site,available,FALSE,FALSE,gamma,2026-08-25
kimishare.org,kimishare.org,available,FALSE,FALSE,gamma,2026-08-14
limte.net,limte.net,available,FALSE,FALSE,gamma,2026-08-14
maimai.pro,maimai.pro,available,FALSE,FALSE,gamma,2026-08-25
manomo.org,manomo.org,available,FALSE,FALSE,gamma,2026-08-14
needfound.org,needfound.org,available,FALSE,FALSE,gamma,2026-08-14
newslah.net,newslah.net,available,FALSE,FALSE,gamma,2026-08-14
okjust.cc,okjust.cc,available,FALSE,FALSE,gamma,2026-08-25
picread.net,picread.net,available,FALSE,FALSE,gamma,2026-08-25
picread.org,picread.org,available,FALSE,FALSE,gamma,2026-08-11
quiz321.com,quiz321.com,available,FALSE,FALSE,gamma,2026-08-14
share-video.cc,share-video.cc,available,FALSE,FALSE,gamma,2026-08-25
thinklol.org,thinklol.org,available,FALSE,FALSE,gamma,2026-08-14
thisreader.com,thisreader.com,available,FALSE,FALSE,gamma,2026-08-14
videowatch.fun,videowatch.fun,available,FALSE,FALSE,gamma,2026-08-25
vidlah.com,vidlah.com,available,FALSE,FALSE,gamma,2026-08-25
vidonline.org,vidonline.org,available,FALSE,FALSE,gamma,2026-08-25
wantread.org,wantread.org,available,FALSE,FALSE,gamma,2026-08-14
ytttube.com,ytttube.com,available,FALSE,FALSE,gamma,2026-08-25
cklive.net,cklive.net,available,FALSE,FALSE,family-01,2026-08-11
coolgirl01.com,coolgirl01.com,available,FALSE,FALSE,family-01,2026-09-04
ntdream.com,ntdream.com,available,FALSE,FALSE,family-01,2026-08-11
ptttube.com,ptttube.com,available,FALSE,FALSE,family-01,2026-08-11
restcookie.com,restcookie.com,available,FALSE,FALSE,family-01,2026-08-11
runelse.com,runelse.com,available,FALSE,FALSE,family-01,2026-08-14
tmmlove.com,tmmlove.com,available,FALSE,FALSE,family-01,2026-08-14
vivi01.com,vivi01.com,available,FALSE,FALSE,family-01,2026-08-11
vodsilo.cc,vodsilo.cc,available,FALSE,FALSE,family-01,2026-08-14
17goforward.com,17goforward.com,available,FALSE,FALSE,looker-17,2026-08-11
17moveon.com,17moveon.com,available,FALSE,FALSE,looker-17,2026-08-13
17readthis.com,17readthis.com,available,FALSE,FALSE,looker-17,2026-08-11
17travel.net,17travel.net,available,FALSE,FALSE,looker-17,2026-08-11
buzzhand.com,buzzhand.com,available,FALSE,FALSE,looker-17,2026-08-11
eathealth.net,eathealth.net,available,FALSE,FALSE,looker-17,2026-08-11
funtoday.news,funtoday.news,available,FALSE,FALSE,looker-17,2026-08-14
happyday543.com,happyday543.com,available,FALSE,FALSE,looker-17,2026-08-14
how01.com,how01.com,available,FALSE,FALSE,looker-17,2026-08-11
how543.com,how543.com,available,FALSE,FALSE,looker-17,2026-08-13
itislooker.com,itislooker.com,available,FALSE,FALSE,looker-17,2026-08-13
look543.com,look543.com,available,FALSE,FALSE,looker-17,2026-08-11
lookernew.com,lookernew.com,available,FALSE,FALSE,looker-17,2026-08-14
lookerpets.com,lookerpets.com,available,FALSE,FALSE,looker-17,2026-08-11
lookforward.cc,lookforward.cc,available,FALSE,FALSE,looker-17,2026-08-11
lookingforward.info,lookingforward.info,available,FALSE,FALSE,looker-17,2026-08-14
mycomic.cc,mycomic.cc,available,FALSE,FALSE,looker-17,2026-08-13
omg4fun.com,omg4fun.com,available,FALSE,FALSE,looker-17,2026-08-11
omg543.com,omg543.com,available,FALSE,FALSE,looker-17,2026-08-14
omgnews.cc,omgnews.cc,available,FALSE,FALSE,looker-17,2026-08-14
read543.com,read543.com,available,FALSE,FALSE,looker-17,2026-08-14
starfocus.news,starfocus.news,available,FALSE,FALSE,looker-17,2026-08-14
tw100s.com,tw100s.com,available,FALSE,FALSE,looker-17,2026-08-11
eatmary.net,eatmary.net,available,FALSE,FALSE,eatmary,2026-08-11
kikinote.net,kikinote.net,available,FALSE,FALSE,eatmary,2026-08-11
ezvivi.com,ezvivi.com,available,FALSE,FALSE,ezvivi,2026-08-11
ezvivi2.com,ezvivi2.com,available,FALSE,FALSE,ezvivi,2026-08-11
ezvivi3.com,ezvivi3.com,available,FALSE,FALSE,ezvivi,2026-08-11
enews.tw,enews.tw,available,FALSE,FALSE,enews,2026-08-14
healthylives.tw,healthylives.tw,available,FALSE,FALSE,enews,2026-08-14
life.tw,life.tw,available,FALSE,FALSE,enews,2026-08-14
lawtw.com,bodhi.lawtw.com,available,FALSE,FALSE,twqiang,2026-08-25
twqiang.com,twqiang.com,available,FALSE,FALSE,twqiang,2026-08-11
